id,image,labels
0,abura-s-60x60.jpg,abura mitragyna ciliata
1,afrormosia-60x60.jpg,afrormosia pericopsis elata
2,afzelia-jh-60x60.jpg,afzelia afzelia spp
3,tree-of-heaven-44x60.jpg,ailanthus ailanthus altissima
4,tanga-tanga-s-30x60.jpg,albizia albizia ferruginea
5,european-alder-s-60x60.jpg,european alder alnus glutinosa
6,alnus-nepalensis-45x60.jpg,nepalese alder alnus nepalensis
7,red-alder-60x60.jpg,red alder alnus rubra
8,prosopis-juliflora-44x60.jpg,prosopis juliflora prosopis juliflora
9,ovangkol-sealed-60x60.jpg,ovangkol sealed
10,amboyna-60x60.jpg,amboyna sanded
11,amendoim-30x60.jpg,amendoim pterogyne nitens
12,andiroba-45x60.jpg,andiroba carapa spp
13,marblewood-60x60.jpg,marblewood marmaroxylon racemosum
14,anigre-60x60.jpg,anigre aningeria spp
15,indian-anjan-s-60x60.jpg,anjan hardwickia binata
16,keruing-44x60.jpg,keruing dipterocarpus spp
17,apple-60x60.jpg,apple malus domestica
18,apricot-44x60.jpg,apricot prunus armeniaca
19,araracanga-44x60.jpg,araracanga aspidosperma megalocarpon
20,chakte-viga-60x60.jpg,chakte viga caesalpinia platyloba
21,black-ash-44x60.jpg,black ash fraxinus nigra
22,ash-60x60.jpg,white ash sealed
23,european-ash-s-60x60.jpg,european ash fraxinus excelsior
24,green-ash-44x60.jpg,green ash fraxinus pennsylvanica
25,mountain-ash-s-60x60.jpg,mountain ash eucalyptus regnans
26,olive-ash-s-60x60.jpg,olive ash
27,oregon-ash-44x60.jpg,oregon ash fraxinus latifolia
28,ash-60x60.jpg,white ash sealed
29,oregon-ash-44x60.jpg,oregon ash fraxinus latifolia
30,tamo-ash-60x60.jpg,tamo ash fraxinus mandshurica
31,bigtooth-aspen-44x60.jpg,bigtooth aspen populus grandidentata
32,aspen-s-60x60.jpg,european aspen populus tremula
33,quaking-aspen-35x60.jpg,quaking aspen populus tremuloides
34,avodire-60x60.jpg,avodire turraeanthus africanus
35,light-red-meranti-copy-44x60.jpg,light red meranti shorea spp
36,cypress-60x60.jpg,cypress taxodium distichum
37,balsa-s-60x60.jpg,balsa ochroma pyramidale
38,bamboo-fs-60x60.jpg,bamboo horizontal sanded
39,banksia_pod-60x60.png,banksiapod
40,basswood-60x60.jpg,basswood tilia americana
41,american-beech1-60x60.jpg,american beech fagus grandifolia
42,european-beech-s-60x60.jpg,european beech fagus sylvatica
43,beefwood-qs-s-22x60.jpg,beefwood grevillea striata
44,beli-45x60.jpg,beli julbernardia pellegriniana
45,berlinia-s-60x60.jpg,ebiara berlinia spp
46,yellow-birch-60x60.jpg,yellow birch betula alleghaniensis
47,baltic-birch-plies-60x60.jpg,baltic birch plywood
48,yellow-birch-60x60.jpg,yellow birch betula alleghaniensis
49,gray-birch-46x60.jpg,gray birch betula populifolia
50,masur-birch-s-60x60.jpg,masur birch sanded
51,paper-birch-44x60.jpg,paper birch betula papyrifera
52,river-birch-44x60.jpg,river birch betula nigra
53,silver-birch-s-60x60.jpg,silver birch betula pendula
54,sweet-birch-44x60.jpg,sweet birch betula lenta
55,yellow-birch-60x60.jpg,yellow birch betula alleghaniensis
56,african-blackwood-60x60.jpg,african blackwood dalbergia melanoxylon
57,australian-blackwood-s-60x60.jpg,australian blackwood acacia melanoxylon
58,burmese-blackwood-42x60.jpg,burmese blackwood dalbergia cultrata
59,malaysian-blackwood-60x60.jpg,malaysian blackwood diospyros ebonasea
60,bloodwood-99x100.jpg,bloodwood brosimum rubescens
61,jarrah-s-60x60.jpg,jarrah sanded
62,blue-mahoe-44x60.jpg,blue mahoe talipariti elatum
63,bocote-60x60.jpg,bocote cordia spp
64,bois-de-rose-43x60.jpg,bois de rose dalbergia maritima
65,bosse-s-60x60.jpg,bosse guarea cedrata
66,box-elder-sealed-60x60.jpg,box elder sealed
67,southern-blue-gum-s-60x60.jpg,blue gum sanded
68,yellow-box-burl-60x60.jpg,yellow box burl eucalyptus melliodora
69,boxwood-s-60x60.jpg,boxwood buxus sempervirens
70,castelo-boxwood-s-42x60.jpg,castelo boxwood calycophyllum multiflorum
71,brazilwood1-60x60.jpg,brazilwood caesalpinia echinata
72,briar-burl-33x60.jpg,briar erica arborea
73,brownheart-60x60.jpg,brownheart vouacapoua americana
74,bubinga-60x60.jpg,bubinga guibourtia spp
75,yellow-buckeye-44x60.jpg,yellow buckeye aesculus octandra
76,buckthorn-sealed-60x60.jpg,buckthorn sealed
77,bulletwood-44x60.jpg,bulletwood manilkara bidentata
78,buloke-60x60.jpg,australian buloke allocasuarina luehmannii
79,butternut-60x60.jpg,butternut juglans cinerea
80,camelthorn-60x60.jpg,camelthorn vachellia erioloba
81,camphor-gw-60x60.jpg,camphor cinnamomum camphora
82,canarywood-sealed-60x60.jpg,canarywood sealed
83,itin-60x60.jpg,itin prosopis kuntzei
84,northern-catalpa-44x60.jpg,northern catalpa catalpa speciosa
85,cebil-60x60.jpg,cebil anadenanthera colubrina
86,alaska-cedar-44x60.jpg,alaskan yellow cedar chamaecyparis nootkatensis
87,aromatic-red-cedar-60x60.jpg,aromatic red cedar juniperus virginiana
88,atlantic-white-cedar-44x60.jpg,atlantic white cedar chamaecyparis thyoides
89,australian-red-cedar-44x60.jpg,australian red cedar toona ciliata
90,cedar-of-lebanon-s-60x60.jpg,cedar of lebanon cedrus libani
91,aromatic-red-cedar-60x60.jpg,aromatic red cedar juniperus virginiana
92,incense-cedar-44x60.jpg,incense cedar caldocedrus decurrens
93,northern-white-cedar-60x60.jpg,northern white cedar thuja occidentalis
94,port-orford-cedar-45x60.jpg,port orford cedar chamaecyparis lawsoniana
95,aromatic-red-cedar-60x60.jpg,aromatic red cedar juniperus virginiana
96,spanish-cedar-sealed-60x60.jpg,spanish cedar sealed
97,western-red-cedar-sealed-60x60.jpg,western red cedar sealed
98,redheart-59x60.jpg,redheart erythroxylon spp
99,chakte-viga-60x60.jpg,chakte viga caesalpinia platyloba
100,chechen-sealed-60x60.jpg,chechen sealed
101,black-cherry-100x100.jpg,black cherry prunus serotina
102,makore-jh-60x60.jpg,makore tieghemella heckelii
103,jatoba-60x60.jpg,jatoba hymenaea courbaril
104,tiete-rosewood-60x60.jpg,tiete rosewood guibourtia chodatiana
105,wild-cherry-s-60x60.jpg,wild cherry prunus avium
106,american-chestnut-44x60.jpg,american chestnut castanea dentata
107,horse-chestnut-s-60x60.jpg,horse chestnut aesculus hippocastanum
108,sweet-chestnut-s-60x60.jpg,sweet chestnut castanea sativa
109,wormy-chestnut-60x60.jpg,wormy chestnut
110,zapote-60x60.jpg,chico zapote pouteria sapota
111,chinaberry-gw-60x60.jpg,chinaberry melia azedarach
112,giant-chinkapin-wt-60x60.jpg,giant chinkapin chrysolepis chrysophylla
113,cocobolo-sealed-60x60.jpg,cocobolo sealed
114,cocuswood-45x60.jpg,cocuswood brya ebenus
115,coffeetree-60x60.jpg,coffeetree gymnocladus dioicus
116,coolibah-burl-60x60.jpg,coolibah burl eucalyptus coolabah
117,black-cottonwood-44x60.jpg,black cottonwood populus trichocarpa
118,eastern-cottonwood-42x60.jpg,eastern cottonwood populus deltoides
119,cucumbertree-45x60.jpg,cucumbertree magnolia acuminata
120,cumaru-60x60.jpg,cumaru dipteryx odorata
121,cebil-60x60.jpg,cebil anadenanthera colubrina
122,cypress-60x60.jpg,cypress taxodium distichum
123,australian-cypress-60x60.jpg,australian cypress callitris glauca
124,monterey-cypress-44x60.jpg,monterey cypress cupressus macrocarpa
125,leyland-cypress-60x60.jpg,leyland cypress cupressus x leylandii
126,monterey-cypress-44x60.jpg,monterey cypress cupressus macrocarpa
127,mexican-cypress-44x60.jpg,mexican cypress cupressus lusitanica
128,monterey-cypress-wt-60x60.jpg,monterey cypress cupressus macrocarpa
129,dalmata-60x60.jpg,dalmata cynometra spruceana
130,degame-s-45x60.jpg,lemonwood calycophyllum candidissimum
131,kamarere-ps-55x60.jpg,deglupta eucalyptus deglupta
132,dogwood-gw-60x60.jpg,dogwood cornus florida
133,douglas-fir-sealed-60x60.jpg,douglasfir sealed
134,afzelia-jh-60x60.jpg,afzelia afzelia spp
135,berlinia-s-60x60.jpg,ebiara berlinia spp
136,ebony-60x60.jpg,ebony diospyros crassiflora
137,black-and-white-ebony-60x60.jpg,black and white ebony diospyros embryopteris
138,brown-ebony-60x60.jpg,brown ebony caesalpinia paraguariensis
139,ceylon-ebony-43x60.jpg,ceylon ebony diospyros ebenum
140,ebony-60x60.jpg,ebony diospyros crassiflora
141,macassar-ebony1-60x60.jpg,macassar ebony diospyros celebica
142,mun-ebony-60x60.jpg,mun ebony diospyros mun
143,black-and-white-ebony-60x60.jpg,black and white ebony diospyros embryopteris
144,texas-ebony-44x60.jpg,texas ebony ebenopsis ebano
145,persimmon-2-44x60.jpg,persimmon diospyros virginiana
146,ekki-s-44x60.jpg,ekki lophira alata
147,american-elm-60x60.jpg,american elm ulmus americana
148,carpathian-elm-burl-s-60x60.jpg,carpathian elm burl
149,cedar-elm-44x60.jpg,cedar elm ulmus crassifolia
150,wych-elm-s-60x60.jpg,wych elm ulmus glabra
151,english-elm-s-60x60.jpg,english elm ulmus procera
152,red-elm-45x60.jpg,red elm ulmus rubra
153,rock-elm-45x60.jpg,rock elm ulmus thomasii
154,winged-elm-45x60.jpg,winged elm alata
155,wych-elm-s-60x60.jpg,wych elm ulmus glabra
156,etimoe-44x60.jpg,etimoe copaifera salikounda
157,balsam-fir-44x60.jpg,balsam fir abies balsamea
158,california-red-fir-43x60.jpg,california red fir abies magnifica
159,douglas-fir1-54x60.jpg,douglasfir pseudotsuga menziesii
160,european-silver-fir-45x60.jpg,european silver fir abies alba
161,grand-fir-44x60.jpg,grand fir abies grandis
162,noble-fir-44x60.jpg,noble fir abies procera
163,pacific-silver-fir-44x60.jpg,pacific silver fir abies amabilis
164,subalpine-fir-43x60.jpg,subalpine fir abies lasiocarpa
165,white-fir-44x60.jpg,white fir abies concolor
166,laurel-blanco-45x60.jpg,freijo cordia alliodora
167,osage-orange-sealed-60x60.jpg,osage orange sealed
168,okoume-s-60x60.jpg,okoume aucoumea klaineana
169,garapa-60x60.jpg,garapa apuleia leiocarpa
170,giant-chinkapin-wt-60x60.jpg,giant chinkapin chrysolepis chrysophylla
171,gidgee-s-39x60.jpg,gidgee acacia cambagei
172,goncalo-alves-60x60.jpg,goncalo alves astronium graveolens
173,greenheart-44x60.jpg,greenheart chlorocardium rodiei
174,guanacaste-44x60.jpg,guanacaste enterolobium cyclocarpum
175,southern-blue-gum-s-60x60.jpg,blue gum eucalyptus globulus
176,red-gum-gw-60x60.jpg,sweetgum liquidambar styraciflua
177,red-river-gum-43x60.jpg,red river gum eucalyptus camaldulensis
178,flooded-gum-ps-49x60.jpg,flooded gum eucalyptus grandis
179,southern-blue-gum-s-60x60.jpg,blue gum eucalyptus globulus
180,red-gum-gw-60x60.jpg,sweetgum liquidambar styraciflua
181,southern-blue-gum-s-60x60.jpg,blue gum sanded
182,hackberry-60x60.jpg,hackberry celtis occidentalis
183,eastern-hemlock-44x60.jpg,eastern hemlock tsuga canadensis
184,mountain-hemlock-44x60.jpg,mountain hemlock tsuga mertensiana
185,hemlock-sealed-45x60.jpg,western hemlock tsuga heterophylla
186,bitternut-hickory-44x60.jpg,bitternut hickory carya cordiformis
187,carya-tomentosa-45x60.jpg,mockernut hickory carya tomentosa
188,nutmeg-hickory-45x60.jpg,nutmeg hickory carya myristiciformis
189,pignut-hickory-44x60.jpg,pignut hickory carya glabra
190,shagbark-hickory-60x60.jpg,shagbark hickory carya ovata
191,shellbark-hickory-45x60.jpg,shellbark hickory carya laciniosa
192,water-hickory-45x60.jpg,water hickory carya aquatica
193,holly-60x60.jpg,holly ilex opaca
194,cape-holly-42x60.jpg,cape holly ilex mitis
195,english-holly-s-60x60.jpg,english holly ilex aquifolium
196,eastern-hophornbeam-43x60.jpg,hophornbeam ostrya virginiana
197,granadillo-60x60.jpg,macacauba platymiscium ulei
198,american-hornbeam-44x60.jpg,american hornbeam carpinus caroliniana
199,eastern-hophornbeam-43x60.jpg,hophornbeam ostrya virginiana
200,european-hornbeam-44x60.jpg,european hornbeam carpinus betulus
201,hububali-60x60.jpg,hububalli loxopterygium sagotti
202,idigbo-s-49x60.jpg,idigbo terminalia ivorensis
203,imbuya-60x60.jpg,imbuia ocotea porosa
204,indian-laurel-s-60x60.jpg,indian laurel terminalia elliptica
205,indian-silver-greywood-s-60x60.jpg,indian silver greywood terminalia bialata
206,ipe-60x60.jpg,ipe tabebuia spp
207,iroko-s-60x60.jpg,iroko chlorophora excelsa
208,black-ironwood-44x60.jpg,black ironwood krugiodendron ferreum
209,desert-ironwood-40x60.jpg,desert ironwood olneya tesota
210,itin-60x60.jpg,itin prosopis kuntzei
211,jarrah-s-60x60.jpg,jarrah eucalyptus marginata
212,jatoba-60x60.jpg,jatoba hymenaea courbaril
213,jelutong-44x60.jpg,jelutong dyera costulata
214,jicarillo-60x60.jpg,jicarillo brosimum spp
215,goncalo-alves1-60x60.jpg,goncalo alves astronium graveolens
216,alligator-juniper-44x60.jpg,alligator juniper juniperus deppeana
217,karri-ps-51x60.jpg,karri eucalyptus diversicolor
218,katalox1-60x60.jpg,katalox swartzia cubensis
219,kauri-60x60.jpg,kauir agathis australis
220,kempas-60x59.jpg,kempas koompassia malaccensis
221,coffeetree-60x60.jpg,coffeetree gymnocladus dioicus
222,keruing-44x60.jpg,keruing dipterocarpus spp
223,bubinga-60x60.jpg,bubinga guibourtia spp
224,kiaat-sealed-60x60.jpg,kiaat sealed
225,kingwood-s-60x60.jpg,kingwood dalbergia cearensis
226,koa-60x60.jpg,koa acacia koa
227,black-limba-44x60.jpg,limba terminalia superba
228,koto-s-33x60.jpg,koto pterygota macrocarpa
229,merbau-60x60.jpg,merbau intsia bijuga
230,laburnum-s-52x60.jpg,laburnum laburnum anagyroides
231,brazilian-lacewood-60x60.jpg,lacewood panopsis spp
232,lancewood-44x60.jpg,lancewood oxandra lanceolata
233,european-larch-s-60x60.jpg,european larch larix decidua
234,western-larch-43x60.jpg,western larch larix occidentalis
235,lati-jh-60x60.jpg,lati amphimas pterocarpoides
236,light-red-meranti-copy-44x60.jpg,light red meranti shorea spp
237,laurel-blanco-45x60.jpg,freijo cordia alliodora
238,louro-preto-42x60.jpg,louro preto cordia megalantha
239,leadwood-rw-60x60.jpg,leadwood combretum imberbe
240,lebbeck-60x60.jpg,lebbeck albizia lebbeck
241,degame-s-45x60.jpg,lemonwood calycophyllum candidissimum
242,leopardwood-60x60.jpg,leopardwood sanded
243,snakewood-bookmatched-60x60.jpg,snakewood bookmatched
244,lignum-vitae-60x60.jpg,lignum vitae guaiacum officinale
245,argentine-lignum-vitae-60x60.jpg,argentine lignum vitae sanded
246,lilac-53x60.jpg,lilac lilac syringa vulgaris
247,black-limba-44x60.jpg,limba terminalia superba
248,afara-s-60x60.jpg,white limba sanded
249,basswood-60x60.jpg,basswood tilia americana
250,european-lime-s-60x60.jpg,european lime tilia x europaea
251,black-locust-45x60.jpg,black locust robinia pseudoacacia
252,honey-locust-gw-60x60.jpg,honey locust gleditsia triacanthos
253,louro-preto-42x60.jpg,louro preto cordia megalantha
254,lyptus-60x60.jpg,lyptus eucalyptus urograndis
255,orange-agate-60x60.jpg,macacauba platymiscium spp
256,macadamia-44x60.jpg,macadamia nut macadamia integrifolia
257,machiche-jh-60x60.jpg,machiche lonchocarpus spp
258,madrone-60x60.jpg,madrone arbutus menziesii
259,cucumbertree-45x60.jpg,cucumbertree magnolia acuminata
260,magnolia-gw-60x60.jpg,southern magnolia magnolia grandiflora
261,sweetbay-45x60.jpg,sweetbay magnolia virginiana
262,blue-mahoe-44x60.jpg,blue mahoe talipariti elatum
263,african-mahogany-60x60.jpg,african mahogany khaya senegalensis
264,cuban-mahogany-44x60.jpg,cuban mahogany swietenia mahogani
265,honduran-mahogany-sealed-60x60.jpg,honduran mahogany sealed
266,mountain-mahogany-60x60.jpg,mountain mahogany cercocarpus ledifolius
267,light-red-meranti-copy-44x60.jpg,light red meranti shorea spp
268,santos-mahogany-60x60.jpg,santos mahogany myroxylon balsamum
269,swamp-mahogany-44x60.jpg,swamp mahogany eucalyptus robusta
270,makore-jh-60x60.jpg,makore tieghemella heckelii
271,brown-mallee-burl-60x60.jpg,brown mallee burl eucalyptus spp
272,red-mallee-burl-55x60.jpg,red mallee burl eucalyptus spp
273,mango-60x60.jpg,mango mangifera indica
274,mangium-ps-49x60.jpg,mangium acacia mangium
275,mansonia-s-60x60.jpg,mansonia mansonia altissima
276,manzanita-57x60.jpg,manzanita arctostaphylos pungens
277,ambrosia-maple-gw-60x60.jpg,ambrosia maple
278,bigleaf-maple-44x60.jpg,bigleaf maple acer macrophyllum
279,birdseye-maple-60x60.jpg,birdseyemaple
280,black-maple-44x60.jpg,black maple acer nigrum
281,box-elder-sealed-60x60.jpg,box elder sealed
282,curly-maple-60x60.jpg,curly maple acer spp
283,field-maple-s-60x60.jpg,field maple acer campestre
284,hard-maple-60x60.jpg,hard maple acer saccharum
285,norway-maple-43x60.jpg,norway maple acer platanoides
286,queensland-maple-44x60.jpg,queensland maple flindersia brayleyana
287,quilted-maple-s-60x60.jpg,quilted maple
288,red-maple-2-44x60.jpg,red maple acer rubrum
289,silver-maple-44x60.jpg,silver maple acer saccharinum
290,bigleaf-maple-44x60.jpg,bigleaf maple acer macrophyllum
291,spalted-maple-60x60.jpg,spalted maple sanded
292,striped-maple-44x60.jpg,striped maple acer pensylvanicum
293,hard-maple-60x60.jpg,hard maple acer saccharum
294,sycamore-maple-s-60x60.jpg,sycamore maple acer pseudoplatanus
295,marblewood-60x60.jpg,marblewood marmaroxylon racemosum
296,bulletwood-44x60.jpg,bulletwood manilkara bidentata
297,dark-red-meranti-44x60.jpg,dark red meranti shorea spp
298,light-red-meranti-copy-44x60.jpg,light red meranti shorea spp
299,white-meranti-43x60.jpg,white meranti shorea spp
300,merbau-60x60.jpg,merbau intsia bijuga
301,black-mesquite-60x60.jpg,black mesquite prosopis nigra
302,honey-mesquite-44x60.jpg,honey mesquite prosopis glandulosa
303,messmate-43x60.jpg,messmate eucalyptus obliqua
304,mimosa-gw-60x60.jpg,mimosa albizia julibrissin
305,moabi-44x60.jpg,moabi baillonella toxisperma
306,monkey-puzzle-60x60.jpg,monkey puzzle araucaria araucana
307,monkeypod-60x60.jpg,monkeypod albizia saman
308,black-wattle-44x60.jpg,black wattle acacia mearnsii
309,mopane-copy-44x60.jpg,mopane colophospermum mopane
310,mora-60x60.jpg,guatemalan mora sanded
311,pau-ferro-60x60.jpg,pau ferro machaerium spp
312,movingui-60x60.jpg,movingui distemonanthus benthamianus
313,ovangkol-sealed-60x60.jpg,ovangkol sealed
314,red-mulberry-gw-60x60.jpg,red mulberry morus rubra
315,kiaat-sealed-60x60.jpg,kiaat sealed
316,myrtle-wt-60x60.jpg,myrtle umbellularia californica
317,myrtle-beech-s-45x60.jpg,tasmanian myrtle nothofagus cunninghamii
318,prosopis-juliflora-44x60.jpg,prosopis juliflora prosopis juliflora
319,nargusta-58x60.jpg,nargusta terminalia amazonia
320,narra-3-60x60.jpg,narra pterocarpus indicus
321,peruvian-walnut-60x60.jpg,peruvian walnut juglans spp
322,nyatoh-41x60.jpg,nyatoh palaquium spp
323,red-oak-200x200.jpg,red oak
324,black-oak-45x60.jpg,black oak quercus velutina
325,california-black-oak-44x60.jpg,california black oak quercus kelloggii
326,red-oak-200x200.jpg,red oak
327,laurel-oak-44x60.jpg,laurel oak quercus laurifolia
328,pin-oak-43x60.jpg,pin oak quercus palustris
329,scarlet-oak-44x60.jpg,scarlet oak quercus coccinea
330,shumard-oak-45x60.jpg,shumard oak quercus shumardii
331,southern-red-oak-40x60.jpg,southern red oak quercus falcata
332,water-oak-44x60.jpg,water oak quercus nigra
333,willow-oak-44x60.jpg,willow oak quercus phellos
334,white-oak-300x300.jpg,white oak
335,bur-oak-45x60.jpg,bur oak quercus macrocarpa
336,chestnut-oak-44x60.jpg,chestnut oak quercus prinus
337,english-oak-s-60x60.jpg,english oak quercus robur
338,holm-oak-s-60x60.jpg,holm oak quercus ilex
339,white-oak-300x300.jpg,white oak quercus alba
340,oregon-white-oak-44x60.jpg,oregon white oak quercus garryana
341,overcup-oak-45x60.jpg,overcup oak quercus lyrata
342,post-oak-44x60.jpg,post oak quercus stellata
343,white-oak-300x300.jpg,white oak
344,swamp-chestnut-oak-44x60.jpg,swamp chestnut oak quercus michauxii
345,swamp-white-oak-45x60.jpg,swamp white oak quercus bicolor
346,bog-oak-s-43x60.jpg,bog oak sanded
347,brown-oak-60x60.jpg,brown oak sanded
348,live-oak-44x60.jpg,live oak quercus virginiana
349,tanoak-wt-60x60.jpg,tanoak notholithocarpus densiflorus
350,red-oak-200x200.jpg,red oak
351,obeche-s-60x60.jpg,obeche triplochiton scleroxylon
352,ohia-44x60.jpg,ohia metrosideros collina
353,okoume-s-60x60.jpg,okoume aucoumea klaineana
354,olive-60x60.jpg,olive olea europaea
355,olive-ash-s-60x60.jpg,olive ash
356,russian-olive-44x60.jpg,russian olive elaeagnus angustifolia
357,granadillo-60x60.jpg,macacauba platymiscium ulei
358,queensland-walnut-60x60.jpg,queensland walnut endiandra palmerstonii
359,osage-orange-60x60.jpg,osage orange maclura pomifera
360,argentine-osage-orange-27x60.jpg,argentine osage orange maclura tinctoria
361,ovangkol-sealed-60x60.jpg,ovangkol sealed
362,padauk-60x60.jpg,padauk pterocarpus soyauxii
363,andaman-padauk-s-60x60.jpg,andaman padauk pterocarpus dalbergioides
364,burma-padauk-44x60.jpg,burma padauk pterocarpus macrocarpus
365,chakte-viga-60x60.jpg,chakte viga caesalpinia platyloba
366,paldao-s-60x60.jpg,paldao dracontomelum dao
367,black-palm-60x60.jpg,black palm borassus flabellifer
368,red-palm-60x60.jpg,red palm cocos nucifera
369,panga-panga-60x60.jpg,panga panga millettia stuhlmannii
370,guanacaste-44x60.jpg,guanacaste enterolobium cyclocarpum
371,partridgewood-44x60.jpg,partridgewood andira inermis
372,yellowheart-sealed-60x60.jpg,yellowheart sealed
373,pau-ferro-60x60.jpg,pau ferro machaerium spp
374,pau-rosa-s-60x60.jpg,pau rosa bobgunnia fistuloides
375,pau-santo-s-44x60.jpg,pau santo zollernia paraensis
376,royal-paulownia-gw-60x60.jpg,paulownia paulownia tomentosa
377,swiss-pear-60x60.jpg,pear pyrus communis
378,pecan-44x60.jpg,pecan carya illinoinensis
379,brazilwood-38x60.jpg,brazilwood caesalpinia echinata
380,peroba-rosa-s-60x60.jpg,peroba rosa aspidosperma polyneuron
381,persimmon-2-44x60.jpg,persimmon diospyros virginiana
382,pheasantwood-60x60.jpg,pheasantwood senna siamea
383,austrian-pine-44x60.jpg,austrian pine pinus nigra
384,longleaf-pine-44x60.jpg,longleaf pine pinus palustris
385,eastern-white-pine-45x60.jpg,eastern white pine pinus strobus
386,jack-pine-44x60.jpg,jack pine pinus banksiana
387,ponderosa-pine-60x60.jpg,ponderosa pine pinus ponderosa
388,scots-pine-45x60.jpg,scots pine pinus sylvestris
389,limber-pine-24x60.jpg,limber pine pinus flexilis
390,loblolly-pine-44x60.jpg,loblolly pine pinus taeda
391,lodgepole-pine-2-46x60.jpg,lodgepole pine pinus contorta
392,longleaf-pine-44x60.jpg,longleaf pine pinus palustris
393,scots-pine-45x60.jpg,scots pine pinus sylvestris
394,radiata-pine-45x60.jpg,radiata pine pinus radiata
395,pinyon-pine-44x60.jpg,pinyon pine pinus edulis
396,pitch-pine-44x60.jpg,pitch pine pinus rigida
397,sand-pine-45x60.jpg,sand pine pinus clausa
398,ponderosa-pine-60x60.jpg,ponderosa pine pinus ponderosa
399,radiata-pine-45x60.jpg,radiata pine pinus radiata
400,red-pine-44x60.jpg,red pine pinus resinosa
401,sand-pine-45x60.jpg,sand pine pinus clausa
402,scots-pine-45x60.jpg,scots pine pinus sylvestris
403,shortleaf-pine-44x60.jpg,shortleaf pine pinus echinata
404,slash-pine-44x60.jpg,slash pine pinus elliottii
405,sand-pine-45x60.jpg,sand pine pinus clausa
406,sugar-pine-45x60.jpg,sugar pine pinus lambertiana
407,scots-pine-45x60.jpg,scots pine pinus sylvestris
408,table-mountain-pine-45x60.jpg,table mountain pine pinus pungens
409,virginia-pine-46x60.jpg,virginia pine pinus virginiana
410,western-white-pine-60x60.jpg,western white pine pinus monticola
411,norfolk-island-pine-44x60.jpg,norfolk island pine araucaria heterophylla
412,huon-pine-44x60.jpg,huon pine lagarostrobos franklinii
413,norfolk-island-pine-44x60.jpg,norfolk island pine araucaria heterophylla
414,parana-pine-s-60x60.jpg,parana pine araucaria angustifolia
415,australian-cypress-60x60.jpg,australian cypress callitris glauca
416,pink-ivory-60x60.jpg,pink ivory berchemia zeyheri
417,pistachio-60x60.jpg,pistachio pistacia vera
418,sycamore-60x60.jpg,sycamore platanus occidentalis
419,london-plane-s-60x60.jpg,london plane platanus x hybrida
420,plum-60x60.jpg,plum prunus domestica
421,yellow-poplar-60x60.jpg,yellow poplar liriodendron tulipifera
422,balsam-poplar-jn-57x60.jpg,balsam poplar populus balsamifera
423,black-poplar-44x60.jpg,black poplar populus nigra
424,rainbow-poplar-gw-48x60.jpg,rainbow poplar sanded
425,yellow-poplar-60x60.jpg,yellow poplar liriodendron tulipifera
426,white-poplar-gw-60x60.jpg,white poplar populus alba
427,yellow-poplar-60x60.jpg,yellow poplar liriodendron tulipifera
428,primavera-s-60x60.jpg,primavera tabebuia donnellsmithii
429,prosopis-juliflora-44x60.jpg,prosopis juliflora prosopis juliflora
430,purpleheart-three-weeks-60x60.jpg,purpleheart peltogyne spp
431,pyinma-60x60.jpg,pyinma lagerstroemia spp
432,quebracho-60x60.jpg,quebracho schinopsis spp
433,queenwood-60x60.jpg,queenwood swartzia spp
434,quina-60x60.jpg,quina myroxylon peruiferum
435,ramin-45x60.jpg,ramin gonystylus spp
436,raspberry-jam-wood-s-45x60.jpg,raspberry jam acacia acuminata
437,redheart-59x60.jpg,redheart erythroxylon mexicanum
438,redwood-sealed-60x60.jpg,redwood sealed
439,rengas-60x60.jpg,rengas gluta spp
440,huon-pine-44x60.jpg,huon pine lagarostrobos franklinii
441,amazon-rosewood-s-42x60.jpg,amazon rosewood dalbergia spruceana
442,brazilian-rosewood-39x60.jpg,brazilian rosewood dalbergia nigra
443,burmese-rosewood-42x60.jpg,burmese rosewood dalbergia olivera
444,east-indian-rosewood-60x60.jpg,east indian rosewood dalbergia latifolia
445,honduran-rosewood-200x200.jpg,honduran rosewood
446,madagascar-rosewood-s-30x60.jpg,madagascar rosewood dalbergia baronii
447,siamese-rosewood-60x60.jpg,siamese rosewood dalbergia cochinchinensis
448,yucatan-rosewood-60x60.jpg,yucatan rosewood dalbergia yucatensis
449,pau-ferro-60x60.jpg,pau ferro machaerium spp
450,rengas-60x60.jpg,rengas gluta spp
451,pau-ferro-60x60.jpg,pau ferro machaerium spp
452,tiete-rosewood-60x60.jpg,tiete rosewood guibourtia chodatiana
453,rubberwood-41x60.jpg,rubberwood hevea brasiliensis
454,sapele-60x60.jpg,sapele entandrophragma cylindricum
455,sassafras-gw-60x60.jpg,sassafras sassafras albidum
456,black-heart-sassafras-s-60x60.jpg,blackheart sassafras atherosperma moschatum
457,pyinma-60x60.jpg,pyinma lagerstroemia spp
458,ceylon-satinwood-s-60x60.jpg,ceylon satinwood chloroxylon swietenia
459,movingui-60x60.jpg,movingui distemonanthus benthamianus
460,west-indian-satinwood-s-60x60.jpg,west indian satinwood zanthoxylum flavum
461,ovangkol-sealed-60x60.jpg,ovangkol sealed
462,sissoo-2-44x60.jpg,sissoo dalbergia sissoo
463,she-oak-s-60x60.jpg,sheoak allocasuarina spp
464,black-wattle-44x60.jpg,black wattle acacia mearnsii
465,silky-oak-s-60x60.jpg,northern silky oak cardwellia sublimis
466,utile-60x60.jpg,utile entandrophragma utile
467,tiete-rosewood-60x60.jpg,tiete rosewood guibourtia chodatiana
468,sissoo-2-44x60.jpg,sissoo dalbergia sissoo
469,snakewood-bookmatched-60x60.jpg,snakewood bookmatched
470,sourwood-gw-41x60.jpg,sourwood oxydendrum arboreum
471,spalted-tamarind-60x60.jpg,tamarind tamarindus indica
472,black-spruce-43x60.jpg,black spruce picea mariana
473,engelmann-spruce-44x60.jpg,engelmann spruce picea engelmannii
474,norway-spruce-43x60.jpg,norway spruce picea abies
475,red-spruce-44x60.jpg,red spruce picea rubens
476,sitka-spruce-sealed-60x60.jpg,sitka spruce sealed
477,white-spruce-44x60.jpg,white spruce picea glauca
478,sugi-45x60.jpg,sugi cryptomeria japonica
479,sumac-gw-60x60.jpg,sumac rhus typhina
480,sweetbay-45x60.jpg,sweetbay magnolia virginiana
481,red-gum-gw-60x60.jpg,sweetgum liquidambar styraciflua
482,sycamore-60x60.jpg,sycamore platanus occidentalis
483,sycamore-maple-s-60x60.jpg,sycamore maple acer pseudoplatanus
484,tagua-nut-60x60.png,taguanut
485,tamarack-44x60.jpg,tamarack larix larcina
486,spalted-tamarind-60x60.jpg,tamarind tamarindus indica
487,tambotie-s-30x60.jpg,tambootie spirostachys africana
488,tanoak-wt-60x60.jpg,tanoak notholithocarpus densiflorus
489,tatajuba-60x60.jpg,tatajuba bagassa guianensis
490,teak1-60x60.jpg,teak tectona grandis
491,afrormosia-60x60.jpg,afrormosia pericopsis elata
492,cumaru-60x60.jpg,cumaru dipteryx odorata
493,rhodesian-teak-44x60.jpg,rhodesian teak baikiaea plurijuga
494,thuya-burl-51x60.jpg,thuya burl sanded
495,goncalo-alves-60x60.jpg,goncalo alves astronium graveolens
496,tiger-caspi-60x60.jpg,tiger caspi zygia cataractae
497,timborana-60x60.jpg,timborana piptadenia spp
498,tineo-60x60.jpg,tineo weinmannia trichosperma
499,tornillo-45x60.jpg,tornillo cedrelinga catenaeformis
500,tree-of-heaven-44x60.jpg,ailanthus ailanthus altissima
501,tulipwood-60x60.jpg,tulipwood dalbergia decipularis
502,black-tupelo-44x60.jpg,black tupelo nyssa sylvatica
503,water-tupelo-44x60.jpg,water tupelo nyssa aquatica
504,tzalam-45x60.jpg,tzalam lysiloma latisiliquum
505,utile-60x60.jpg,utile entandrophragma utile
506,argentine-lignum-vitae-60x60.jpg,argentine lignum vitae sanded
507,bastogne-walnut-60x60.jpg,bastogne walnut juglans x paradox
508,black-walnut-sealed-60x60.jpg,black walnut sealed
509,claro-walnut-wt-60x60.jpg,claro walnut juglans hindsii
510,english-walnut-60x60.jpg,english walnut juglans regia
511,peruvian-walnut-60x60.jpg,peruvian walnut juglans spp
512,butternut-60x60.jpg,butternut juglans cinerea
513,ipe-60x60.jpg,ipe tabebuia spp
514,tzalam-45x60.jpg,tzalam lysiloma latisiliquum
515,new-guinea-walnut-s-60x60.jpg,new guinea walnut dracontomelon mangiferum
516,queensland-walnut-60x60.jpg,queensland walnut endiandra palmerstonii
517,wamara-jh-60x60.jpg,wamara swartzia benthamiana
518,black-wattle-44x60.jpg,black wattle acacia mearnsii
519,wenge-60x60.jpg,wenge millettia laurentii
520,black-willow-s-60x60.jpg,black willow salix nigra
521,crack-willow-s-60x60.jpg,crack willow salix fragilis
522,black-willow-s-60x60.jpg,black willow salix nigra
523,yellowheart-sealed-60x60.jpg,yellowheart sealed
524,english-yew-s-60x60.jpg,english yew taxus baccata
525,pacific-yew-44x60.jpg,pacific yew taxus brevifolia
526,zapote-60x60.jpg,chico zapote pouteria sapota
527,zebrawood-60x60.jpg,zebrawood microberlinia brazzavillensis
528,ziricote-60x60.jpg,ziricote cordia dodecandra
529,bois-de-rose-43x60.jpg,bois de rose dalbergia maritima
